"filename", "language", "C", "C++", "comment", "blank", "total"
"/Users/sbukhari/Sandbox/CProgram/ASTanalysis/Dataset/Autopilot/Machine1/addItem_Machine1.c", "C", 28, 0, 5, 0, 33
"/Users/sbukhari/Sandbox/CProgram/ASTanalysis/Dataset/Autopilot/Machine1/costSum_Machine1.c", "C", 17, 0, 3, 0, 20
"/Users/sbukhari/Sandbox/CProgram/ASTanalysis/Dataset/Autopilot/Machine1/highestPrice_Machine1.c", "C", 22, 0, 3, 0, 25
"/Users/sbukhari/Sandbox/CProgram/ASTanalysis/Dataset/Autopilot/Machine1/itemToString_Machine1.c", "C", 11, 0, 1, 0, 12
"/Users/sbukhari/Sandbox/CProgram/ASTanalysis/Dataset/Autopilot/Machine1/listInitialization_Machine1.c", "C", 4, 0, 0, 0, 4
"/Users/sbukhari/Sandbox/CProgram/ASTanalysis/Dataset/Autopilot/Machine1/printList_Machine1.c", "C", 18, 0, 0, 0, 18
"/Users/sbukhari/Sandbox/CProgram/ASTanalysis/Dataset/Autopilot/Machine1/removeItem_Machine1.c", "C", 27, 0, 4, 0, 31
"/Users/sbukhari/Sandbox/CProgram/ASTanalysis/Dataset/Autopilot/Machine1/save_Machine1.c", "C", 19, 0, 5, 0, 24
"/Users/sbukhari/Sandbox/CProgram/ASTanalysis/Dataset/Autopilot/Machine1/swapItem_Machine1.c", "C", 39, 0, 4, 0, 43
"/Users/sbukhari/Sandbox/CProgram/ASTanalysis/Dataset/Autopilot/Machine1/updateItem_Machine1.c", "C", 25, 0, 4, 0, 29
"/Users/sbukhari/Sandbox/CProgram/ASTanalysis/Dataset/Autopilot/Machine10/addItem_Machine10.c", "C", 46, 0, 0, 0, 46
"/Users/sbukhari/Sandbox/CProgram/ASTanalysis/Dataset/Autopilot/Machine10/costSum_Machine10.c", "C", 13, 0, 0, 0, 13
"/Users/sbukhari/Sandbox/CProgram/ASTanalysis/Dataset/Autopilot/Machine10/deduplicate_Machine10.c", "C", 22, 0, 0, 0, 22
"/Users/sbukhari/Sandbox/CProgram/ASTanalysis/Dataset/Autopilot/Machine10/highestPrice_Machine10.c", "C", 18, 0, 0, 0, 18
"/Users/sbukhari/Sandbox/CProgram/ASTanalysis/Dataset/Autopilot/Machine10/itemToString_Machine10.c", "C", 18, 0, 0, 0, 18
"/Users/sbukhari/Sandbox/CProgram/ASTanalysis/Dataset/Autopilot/Machine10/listInitialization_Machine10.c", "C", 12, 0, 0, 0, 12
"/Users/sbukhari/Sandbox/CProgram/ASTanalysis/Dataset/Autopilot/Machine10/load_Machine10.c", "C", 30, 0, 0, 0, 30
"/Users/sbukhari/Sandbox/CProgram/ASTanalysis/Dataset/Autopilot/Machine10/printList_Machine10.c", "C", 20, 0, 0, 0, 20
"/Users/sbukhari/Sandbox/CProgram/ASTanalysis/Dataset/Autopilot/Machine10/removeItem_Machine10.c", "C", 25, 0, 0, 0, 25
"/Users/sbukhari/Sandbox/CProgram/ASTanalysis/Dataset/Autopilot/Machine10/save_Machine10.c", "C", 22, 0, 0, 0, 22
"/Users/sbukhari/Sandbox/CProgram/ASTanalysis/Dataset/Autopilot/Machine10/swapItem_Machine10.c", "C", 45, 0, 0, 0, 45
"/Users/sbukhari/Sandbox/CProgram/ASTanalysis/Dataset/Autopilot/Machine10/updateItem_Machine10.c", "C", 24, 0, 0, 0, 24
"/Users/sbukhari/Sandbox/CProgram/ASTanalysis/Dataset/Autopilot/Machine11/addItem_Machine11.c", "C", 33, 0, 0, 3, 36
"/Users/sbukhari/Sandbox/CProgram/ASTanalysis/Dataset/Autopilot/Machine11/costSum_Machine11.c", "C", 13, 0, 0, 1, 14
"/Users/sbukhari/Sandbox/CProgram/ASTanalysis/Dataset/Autopilot/Machine11/deduplicate_Machine11.c", "C", 23, 0, 0, 1, 24
"/Users/sbukhari/Sandbox/CProgram/ASTanalysis/Dataset/Autopilot/Machine11/highestPrice_Machine11.c", "C", 17, 0, 0, 1, 18
"/Users/sbukhari/Sandbox/CProgram/ASTanalysis/Dataset/Autopilot/Machine11/itemToString_Machine11.c", "C", 4, 0, 0, 0, 4
"/Users/sbukhari/Sandbox/CProgram/ASTanalysis/Dataset/Autopilot/Machine11/listInitialization_Machine11.c", "C", 4, 0, 0, 0, 4
"/Users/sbukhari/Sandbox/CProgram/ASTanalysis/Dataset/Autopilot/Machine11/load_Machine11.c", "C", 18, 0, 0, 1, 19
"/Users/sbukhari/Sandbox/CProgram/ASTanalysis/Dataset/Autopilot/Machine11/printList_Machine11.c", "C", 11, 0, 0, 0, 11
"/Users/sbukhari/Sandbox/CProgram/ASTanalysis/Dataset/Autopilot/Machine11/removeItem_Machine11.c", "C", 24, 0, 0, 1, 25
"/Users/sbukhari/Sandbox/CProgram/ASTanalysis/Dataset/Autopilot/Machine11/save_Machine11.c", "C", 16, 0, 0, 1, 17
"/Users/sbukhari/Sandbox/CProgram/ASTanalysis/Dataset/Autopilot/Machine11/swapItem_Machine11.c", "C", 50, 0, 0, 6, 56
"/Users/sbukhari/Sandbox/CProgram/ASTanalysis/Dataset/Autopilot/Machine11/updateItem_Machine11.c", "C", 16, 0, 0, 0, 16
"/Users/sbukhari/Sandbox/CProgram/ASTanalysis/Dataset/Autopilot/Machine12/addItem_Machine12.c", "C", 31, 0, 0, 0, 31
"/Users/sbukhari/Sandbox/CProgram/ASTanalysis/Dataset/Autopilot/Machine12/costSum_Machine12.c", "C", 12, 0, 0, 0, 12
"/Users/sbukhari/Sandbox/CProgram/ASTanalysis/Dataset/Autopilot/Machine12/deduplicate_Machine12.c", "C", 32, 0, 0, 0, 32
"/Users/sbukhari/Sandbox/CProgram/ASTanalysis/Dataset/Autopilot/Machine12/highestPrice_Machine12.c", "C", 19, 0, 0, 0, 19
"/Users/sbukhari/Sandbox/CProgram/ASTanalysis/Dataset/Autopilot/Machine12/itemToString_Machine12.c", "C", 7, 0, 0, 0, 7
"/Users/sbukhari/Sandbox/CProgram/ASTanalysis/Dataset/Autopilot/Machine12/listInitialization_Machine12.c", "C", 4, 0, 0, 0, 4
"/Users/sbukhari/Sandbox/CProgram/ASTanalysis/Dataset/Autopilot/Machine12/load_Machine12.c", "C", 38, 0, 0, 0, 38
"/Users/sbukhari/Sandbox/CProgram/ASTanalysis/Dataset/Autopilot/Machine12/printList_Machine12.c", "C", 14, 0, 0, 0, 14
"/Users/sbukhari/Sandbox/CProgram/ASTanalysis/Dataset/Autopilot/Machine12/removeItem_Machine12.c", "C", 25, 0, 0, 0, 25
"/Users/sbukhari/Sandbox/CProgram/ASTanalysis/Dataset/Autopilot/Machine12/save_Machine12.c", "C", 17, 0, 0, 0, 17
"/Users/sbukhari/Sandbox/CProgram/ASTanalysis/Dataset/Autopilot/Machine12/swapItem_Machine12.c", "C", 36, 0, 0, 0, 36
"/Users/sbukhari/Sandbox/CProgram/ASTanalysis/Dataset/Autopilot/Machine12/updateItem_Machine12.c", "C", 19, 0, 0, 0, 19
"/Users/sbukhari/Sandbox/CProgram/ASTanalysis/Dataset/Autopilot/Machine13/addItem_Machine13.c", "C", 29, 0, 0, 0, 29
"/Users/sbukhari/Sandbox/CProgram/ASTanalysis/Dataset/Autopilot/Machine13/costSum_Machine13.c", "C", 8, 0, 0, 0, 8
"/Users/sbukhari/Sandbox/CProgram/ASTanalysis/Dataset/Autopilot/Machine13/deduplicate_Machine13.c", "C", 21, 0, 0, 0, 21
"/Users/sbukhari/Sandbox/CProgram/ASTanalysis/Dataset/Autopilot/Machine13/highestPrice_Machine13.c", "C", 15, 0, 0, 0, 15
"/Users/sbukhari/Sandbox/CProgram/ASTanalysis/Dataset/Autopilot/Machine13/itemToString_Machine13.c", "C", 7, 0, 0, 0, 7
"/Users/sbukhari/Sandbox/CProgram/ASTanalysis/Dataset/Autopilot/Machine13/listInitialization_Machine13.c", "C", 4, 0, 0, 0, 4
"/Users/sbukhari/Sandbox/CProgram/ASTanalysis/Dataset/Autopilot/Machine13/load_Machine13.c", "C", 16, 0, 0, 0, 16
"/Users/sbukhari/Sandbox/CProgram/ASTanalysis/Dataset/Autopilot/Machine13/printList_Machine13.c", "C", 11, 0, 0, 0, 11
"/Users/sbukhari/Sandbox/CProgram/ASTanalysis/Dataset/Autopilot/Machine13/removeItem_Machine13.c", "C", 20, 0, 0, 0, 20
"/Users/sbukhari/Sandbox/CProgram/ASTanalysis/Dataset/Autopilot/Machine13/save_Machine13.c", "C", 13, 0, 0, 0, 13
"/Users/sbukhari/Sandbox/CProgram/ASTanalysis/Dataset/Autopilot/Machine13/swapItem_Machine13.c", "C", 54, 0, 0, 0, 54
"/Users/sbukhari/Sandbox/CProgram/ASTanalysis/Dataset/Autopilot/Machine13/updateItem_Machine13.c", "C", 18, 0, 0, 0, 18
"/Users/sbukhari/Sandbox/CProgram/ASTanalysis/Dataset/Autopilot/Machine14/addItem_Machine14.c", "C", 33, 0, 0, 0, 33
"/Users/sbukhari/Sandbox/CProgram/ASTanalysis/Dataset/Autopilot/Machine14/costSum_Machine14.c", "C", 13, 0, 0, 0, 13
"/Users/sbukhari/Sandbox/CProgram/ASTanalysis/Dataset/Autopilot/Machine14/deduplicate_Machine14.c", "C", 19, 0, 0, 0, 19
"/Users/sbukhari/Sandbox/CProgram/ASTanalysis/Dataset/Autopilot/Machine14/highestPrice_Machine14.c", "C", 19, 0, 0, 0, 19
"/Users/sbukhari/Sandbox/CProgram/ASTanalysis/Dataset/Autopilot/Machine14/itemToString_Machine14.c", "C", 7, 0, 0, 0, 7
"/Users/sbukhari/Sandbox/CProgram/ASTanalysis/Dataset/Autopilot/Machine14/listInitialization_Machine14.c", "C", 9, 0, 0, 0, 9
"/Users/sbukhari/Sandbox/CProgram/ASTanalysis/Dataset/Autopilot/Machine14/load_Machine14.c", "C", 23, 0, 0, 0, 23
"/Users/sbukhari/Sandbox/CProgram/ASTanalysis/Dataset/Autopilot/Machine14/printList_Machine14.c", "C", 14, 0, 0, 0, 14
"/Users/sbukhari/Sandbox/CProgram/ASTanalysis/Dataset/Autopilot/Machine14/removeItem_Machine14.c", "C", 22, 0, 0, 0, 22
"/Users/sbukhari/Sandbox/CProgram/ASTanalysis/Dataset/Autopilot/Machine14/save_Machine14.c", "C", 13, 0, 0, 0, 13
"/Users/sbukhari/Sandbox/CProgram/ASTanalysis/Dataset/Autopilot/Machine14/swapItem_Machine14.c", "C", 33, 0, 0, 0, 33
"/Users/sbukhari/Sandbox/CProgram/ASTanalysis/Dataset/Autopilot/Machine14/updateItem_Machine14.c", "C", 21, 0, 0, 0, 21
"/Users/sbukhari/Sandbox/CProgram/ASTanalysis/Dataset/Autopilot/Machine15/addItem_Machine15.c", "C", 34, 0, 3, 6, 43
"/Users/sbukhari/Sandbox/CProgram/ASTanalysis/Dataset/Autopilot/Machine15/costSum_Machine15.c", "C", 13, 0, 2, 4, 19
"/Users/sbukhari/Sandbox/CProgram/ASTanalysis/Dataset/Autopilot/Machine15/deduplicate_Machine15.c", "C", 3, 0, 2, 0, 5
"/Users/sbukhari/Sandbox/CProgram/ASTanalysis/Dataset/Autopilot/Machine15/highestPrice_Machine15.c", "C", 16, 0, 2, 4, 22
"/Users/sbukhari/Sandbox/CProgram/ASTanalysis/Dataset/Autopilot/Machine15/itemToString_Machine15.c", "C", 18, 0, 3, 8, 29
"/Users/sbukhari/Sandbox/CProgram/ASTanalysis/Dataset/Autopilot/Machine15/listInitialization_Machine15.c", "C", 4, 0, 0, 0, 4
"/Users/sbukhari/Sandbox/CProgram/ASTanalysis/Dataset/Autopilot/Machine15/printList_Machine15.c", "C", 12, 0, 0, 1, 13
"/Users/sbukhari/Sandbox/CProgram/ASTanalysis/Dataset/Autopilot/Machine15/removeItem_Machine15.c", "C", 21, 0, 3, 6, 30
"/Users/sbukhari/Sandbox/CProgram/ASTanalysis/Dataset/Autopilot/Machine15/save_Machine15.c", "C", 15, 0, 3, 5, 23
"/Users/sbukhari/Sandbox/CProgram/ASTanalysis/Dataset/Autopilot/Machine15/swapItem_Machine15.c", "C", 26, 0, 3, 8, 37
"/Users/sbukhari/Sandbox/CProgram/ASTanalysis/Dataset/Autopilot/Machine15/updateItem_Machine15.c", "C", 15, 0, 2, 5, 22
"/Users/sbukhari/Sandbox/CProgram/ASTanalysis/Dataset/Autopilot/Machine16/addItem_Machine16.c", "C", 31, 0, 5, 5, 41
"/Users/sbukhari/Sandbox/CProgram/ASTanalysis/Dataset/Autopilot/Machine16/itemToString_Machine16.c", "C", 18, 0, 3, 3, 24
"/Users/sbukhari/Sandbox/CProgram/ASTanalysis/Dataset/Autopilot/Machine16/listInitialization_Machine16.c", "C", 4, 0, 0, 0, 4
"/Users/sbukhari/Sandbox/CProgram/ASTanalysis/Dataset/Autopilot/Machine16/printList_Machine16.c", "C", 18, 0, 3, 3, 24
"/Users/sbukhari/Sandbox/CProgram/ASTanalysis/Dataset/Autopilot/Machine16/removeItem_Machine16.c", "C", 25, 0, 4, 3, 32
"/Users/sbukhari/Sandbox/CProgram/ASTanalysis/Dataset/Autopilot/Machine16/updateItem_Machine16.c", "C", 23, 0, 4, 3, 30
"/Users/sbukhari/Sandbox/CProgram/ASTanalysis/Dataset/Autopilot/Machine17/addItem_Machine17.c", "C", 33, 0, 0, 0, 33
"/Users/sbukhari/Sandbox/CProgram/ASTanalysis/Dataset/Autopilot/Machine17/costSum_Machine17.c", "C", 13, 0, 0, 0, 13
"/Users/sbukhari/Sandbox/CProgram/ASTanalysis/Dataset/Autopilot/Machine17/deduplicate_Machine17.c", "C", 26, 0, 0, 0, 26
"/Users/sbukhari/Sandbox/CProgram/ASTanalysis/Dataset/Autopilot/Machine17/highestPrice_Machine17.c", "C", 17, 0, 0, 0, 17
"/Users/sbukhari/Sandbox/CProgram/ASTanalysis/Dataset/Autopilot/Machine17/itemToString_Machine17.c", "C", 11, 0, 0, 0, 11
"/Users/sbukhari/Sandbox/CProgram/ASTanalysis/Dataset/Autopilot/Machine17/listInitialization_Machine17.c", "C", 13, 0, 0, 0, 13
"/Users/sbukhari/Sandbox/CProgram/ASTanalysis/Dataset/Autopilot/Machine17/load_Machine17.c", "C", 24, 0, 0, 0, 24
"/Users/sbukhari/Sandbox/CProgram/ASTanalysis/Dataset/Autopilot/Machine17/printList_Machine17.c", "C", 15, 0, 0, 0, 15
"/Users/sbukhari/Sandbox/CProgram/ASTanalysis/Dataset/Autopilot/Machine17/removeItem_Machine17.c", "C", 25, 0, 0, 0, 25
"/Users/sbukhari/Sandbox/CProgram/ASTanalysis/Dataset/Autopilot/Machine17/save_Machine17.c", "C", 14, 0, 0, 0, 14
"/Users/sbukhari/Sandbox/CProgram/ASTanalysis/Dataset/Autopilot/Machine17/swapItem_Machine17.c", "C", 39, 0, 0, 0, 39
"/Users/sbukhari/Sandbox/CProgram/ASTanalysis/Dataset/Autopilot/Machine17/updateItem_Machine17.c", "C", 19, 0, 0, 0, 19
"/Users/sbukhari/Sandbox/CProgram/ASTanalysis/Dataset/Autopilot/Machine18/addItem_Machine18.c", "C", 20, 0, 0, 0, 20
"/Users/sbukhari/Sandbox/CProgram/ASTanalysis/Dataset/Autopilot/Machine18/costSum_Machine18.c", "C", 14, 0, 0, 0, 14
"/Users/sbukhari/Sandbox/CProgram/ASTanalysis/Dataset/Autopilot/Machine18/deduplicate_Machine18.c", "C", 22, 0, 0, 0, 22
"/Users/sbukhari/Sandbox/CProgram/ASTanalysis/Dataset/Autopilot/Machine18/highestPrice_Machine18.c", "C", 18, 0, 0, 0, 18
"/Users/sbukhari/Sandbox/CProgram/ASTanalysis/Dataset/Autopilot/Machine18/itemToString_Machine18.c", "C", 8, 0, 0, 0, 8
"/Users/sbukhari/Sandbox/CProgram/ASTanalysis/Dataset/Autopilot/Machine18/listInitialization_Machine18.c", "C", 4, 0, 0, 0, 4
"/Users/sbukhari/Sandbox/CProgram/ASTanalysis/Dataset/Autopilot/Machine18/printList_Machine18.c", "C", 15, 0, 0, 0, 15
"/Users/sbukhari/Sandbox/CProgram/ASTanalysis/Dataset/Autopilot/Machine18/removeItem_Machine18.c", "C", 23, 0, 0, 0, 23
"/Users/sbukhari/Sandbox/CProgram/ASTanalysis/Dataset/Autopilot/Machine18/save_Machine18.c", "C", 19, 0, 0, 0, 19
"/Users/sbukhari/Sandbox/CProgram/ASTanalysis/Dataset/Autopilot/Machine18/swapItem_Machine18.c", "C", 28, 0, 0, 0, 28
"/Users/sbukhari/Sandbox/CProgram/ASTanalysis/Dataset/Autopilot/Machine18/updateItem_Machine18.c", "C", 20, 0, 0, 0, 20
"/Users/sbukhari/Sandbox/CProgram/ASTanalysis/Dataset/Autopilot/Machine19/addItem_Machine19.c", "C", 45, 0, 1, 8, 54
"/Users/sbukhari/Sandbox/CProgram/ASTanalysis/Dataset/Autopilot/Machine19/costSum_Machine19.c", "C", 13, 0, 0, 2, 15
"/Users/sbukhari/Sandbox/CProgram/ASTanalysis/Dataset/Autopilot/Machine19/deduplicate_Machine19.c", "C", 27, 0, 0, 4, 31
"/Users/sbukhari/Sandbox/CProgram/ASTanalysis/Dataset/Autopilot/Machine19/highestPrice_Machine19.c", "C", 17, 0, 0, 2, 19
"/Users/sbukhari/Sandbox/CProgram/ASTanalysis/Dataset/Autopilot/Machine19/itemToString_Machine19.c", "C", 15, 0, 0, 1, 16
"/Users/sbukhari/Sandbox/CProgram/ASTanalysis/Dataset/Autopilot/Machine19/listInitialization_Machine19.c", "C", 7, 0, 0, 1, 8
"/Users/sbukhari/Sandbox/CProgram/ASTanalysis/Dataset/Autopilot/Machine19/printList_Machine19.c", "C", 15, 0, 0, 2, 17
"/Users/sbukhari/Sandbox/CProgram/ASTanalysis/Dataset/Autopilot/Machine19/removeItem_Machine19.c", "C", 40, 0, 0, 4, 44
"/Users/sbukhari/Sandbox/CProgram/ASTanalysis/Dataset/Autopilot/Machine19/save_Machine19.c", "C", 16, 0, 0, 3, 19
"/Users/sbukhari/Sandbox/CProgram/ASTanalysis/Dataset/Autopilot/Machine19/swapItem_Machine19.c", "C", 33, 0, 0, 4, 37
"/Users/sbukhari/Sandbox/CProgram/ASTanalysis/Dataset/Autopilot/Machine19/updateItem_Machine19.c", "C", 31, 0, 0, 3, 34
"/Users/sbukhari/Sandbox/CProgram/ASTanalysis/Dataset/Autopilot/Machine2/addItem_Machine2.c", "C", 34, 0, 9, 8, 51
"/Users/sbukhari/Sandbox/CProgram/ASTanalysis/Dataset/Autopilot/Machine2/costSum_Machine2.c", "C", 15, 0, 5, 4, 24
"/Users/sbukhari/Sandbox/CProgram/ASTanalysis/Dataset/Autopilot/Machine2/deduplicate_Machine2.c", "C", 18, 0, 4, 4, 26
"/Users/sbukhari/Sandbox/CProgram/ASTanalysis/Dataset/Autopilot/Machine2/highestPrice_Machine2.c", "C", 17, 0, 4, 3, 24
"/Users/sbukhari/Sandbox/CProgram/ASTanalysis/Dataset/Autopilot/Machine2/itemToString_Machine2.c", "C", 16, 0, 6, 5, 27
"/Users/sbukhari/Sandbox/CProgram/ASTanalysis/Dataset/Autopilot/Machine2/listInitialization_Machine2.c", "C", 14, 0, 5, 4, 23
"/Users/sbukhari/Sandbox/CProgram/ASTanalysis/Dataset/Autopilot/Machine2/printList_Machine2.c", "C", 20, 0, 8, 6, 34
"/Users/sbukhari/Sandbox/CProgram/ASTanalysis/Dataset/Autopilot/Machine2/removeItem_Machine2.c", "C", 30, 0, 7, 7, 44
"/Users/sbukhari/Sandbox/CProgram/ASTanalysis/Dataset/Autopilot/Machine2/save_Machine2.c", "C", 16, 0, 7, 6, 29
"/Users/sbukhari/Sandbox/CProgram/ASTanalysis/Dataset/Autopilot/Machine2/swapItem_Machine2.c", "C", 27, 0, 7, 6, 40
"/Users/sbukhari/Sandbox/CProgram/ASTanalysis/Dataset/Autopilot/Machine2/updateItem_Machine2.c", "C", 29, 0, 9, 8, 46
"/Users/sbukhari/Sandbox/CProgram/ASTanalysis/Dataset/Autopilot/Machine20/addItem_Machine20.c", "C", 28, 0, 0, 0, 28
"/Users/sbukhari/Sandbox/CProgram/ASTanalysis/Dataset/Autopilot/Machine20/costSum_Machine20.c", "C", 14, 0, 0, 0, 14
"/Users/sbukhari/Sandbox/CProgram/ASTanalysis/Dataset/Autopilot/Machine20/deduplicate_Machine20.c", "C", 25, 0, 0, 0, 25
"/Users/sbukhari/Sandbox/CProgram/ASTanalysis/Dataset/Autopilot/Machine20/highestPrice_Machine20.c", "C", 20, 0, 0, 0, 20
"/Users/sbukhari/Sandbox/CProgram/ASTanalysis/Dataset/Autopilot/Machine20/itemToString_Machine20.c", "C", 8, 0, 0, 0, 8
"/Users/sbukhari/Sandbox/CProgram/ASTanalysis/Dataset/Autopilot/Machine20/listInitialization_Machine20.c", "C", 13, 0, 0, 0, 13
"/Users/sbukhari/Sandbox/CProgram/ASTanalysis/Dataset/Autopilot/Machine20/printList_Machine20.c", "C", 16, 0, 0, 0, 16
"/Users/sbukhari/Sandbox/CProgram/ASTanalysis/Dataset/Autopilot/Machine20/removeItem_Machine20.c", "C", 23, 0, 0, 0, 23
"/Users/sbukhari/Sandbox/CProgram/ASTanalysis/Dataset/Autopilot/Machine20/save_Machine20.c", "C", 16, 0, 0, 0, 16
"/Users/sbukhari/Sandbox/CProgram/ASTanalysis/Dataset/Autopilot/Machine20/swapItem_Machine20.c", "C", 41, 0, 0, 0, 41
"/Users/sbukhari/Sandbox/CProgram/ASTanalysis/Dataset/Autopilot/Machine20/updateItem_Machine20.c", "C", 16, 0, 0, 0, 16
"/Users/sbukhari/Sandbox/CProgram/ASTanalysis/Dataset/Autopilot/Machine21/addItem_Machine21.c", "C", 24, 0, 0, 0, 24
"/Users/sbukhari/Sandbox/CProgram/ASTanalysis/Dataset/Autopilot/Machine21/costSum_Machine21.c", "C", 10, 0, 0, 0, 10
"/Users/sbukhari/Sandbox/CProgram/ASTanalysis/Dataset/Autopilot/Machine21/deduplicate_Machine21.c", "C", 16, 0, 1, 0, 17
"/Users/sbukhari/Sandbox/CProgram/ASTanalysis/Dataset/Autopilot/Machine21/highestPrice_Machine21.c", "C", 16, 0, 0, 0, 16
"/Users/sbukhari/Sandbox/CProgram/ASTanalysis/Dataset/Autopilot/Machine21/itemToString_Machine21.c", "C", 14, 0, 0, 1, 15
"/Users/sbukhari/Sandbox/CProgram/ASTanalysis/Dataset/Autopilot/Machine21/listInitialization_Machine21.c", "C", 4, 0, 0, 0, 4
"/Users/sbukhari/Sandbox/CProgram/ASTanalysis/Dataset/Autopilot/Machine21/load_Machine21.c", "C", 43, 0, 0, 0, 43
"/Users/sbukhari/Sandbox/CProgram/ASTanalysis/Dataset/Autopilot/Machine21/printList_Machine21.c", "C", 10, 0, 0, 0, 10
"/Users/sbukhari/Sandbox/CProgram/ASTanalysis/Dataset/Autopilot/Machine21/removeItem_Machine21.c", "C", 21, 0, 0, 0, 21
"/Users/sbukhari/Sandbox/CProgram/ASTanalysis/Dataset/Autopilot/Machine21/save_Machine21.c", "C", 13, 0, 0, 0, 13
"/Users/sbukhari/Sandbox/CProgram/ASTanalysis/Dataset/Autopilot/Machine21/swapItem_Machine21.c", "C", 35, 0, 0, 0, 35
"/Users/sbukhari/Sandbox/CProgram/ASTanalysis/Dataset/Autopilot/Machine21/updateItem_Machine21.c", "C", 15, 0, 0, 0, 15
"/Users/sbukhari/Sandbox/CProgram/ASTanalysis/Dataset/Autopilot/Machine22/addItem_Machine22.c", "C", 21, 0, 0, 2, 23
"/Users/sbukhari/Sandbox/CProgram/ASTanalysis/Dataset/Autopilot/Machine22/costSum_Machine22.c", "C", 13, 0, 0, 0, 13
"/Users/sbukhari/Sandbox/CProgram/ASTanalysis/Dataset/Autopilot/Machine22/deduplicate_Machine22.c", "C", 25, 0, 0, 0, 25
"/Users/sbukhari/Sandbox/CProgram/ASTanalysis/Dataset/Autopilot/Machine22/highestPrice_Machine22.c", "C", 19, 0, 0, 0, 19
"/Users/sbukhari/Sandbox/CProgram/ASTanalysis/Dataset/Autopilot/Machine22/itemToString_Machine22.c", "C", 14, 0, 0, 1, 15
"/Users/sbukhari/Sandbox/CProgram/ASTanalysis/Dataset/Autopilot/Machine22/listInitialization_Machine22.c", "C", 8, 0, 0, 0, 8
"/Users/sbukhari/Sandbox/CProgram/ASTanalysis/Dataset/Autopilot/Machine22/load_Machine22.c", "C", 26, 0, 0, 0, 26
"/Users/sbukhari/Sandbox/CProgram/ASTanalysis/Dataset/Autopilot/Machine22/printList_Machine22.c", "C", 16, 0, 0, 0, 16
"/Users/sbukhari/Sandbox/CProgram/ASTanalysis/Dataset/Autopilot/Machine22/removeItem_Machine22.c", "C", 18, 0, 0, 2, 20
"/Users/sbukhari/Sandbox/CProgram/ASTanalysis/Dataset/Autopilot/Machine22/save_Machine22.c", "C", 16, 0, 0, 0, 16
"/Users/sbukhari/Sandbox/CProgram/ASTanalysis/Dataset/Autopilot/Machine22/swapItem_Machine22.c", "C", 29, 0, 0, 4, 33
"/Users/sbukhari/Sandbox/CProgram/ASTanalysis/Dataset/Autopilot/Machine22/updateItem_Machine22.c", "C", 18, 0, 0, 2, 20
"/Users/sbukhari/Sandbox/CProgram/ASTanalysis/Dataset/Autopilot/Machine23/costSum_Machine23.c", "C", 18, 0, 3, 4, 25
"/Users/sbukhari/Sandbox/CProgram/ASTanalysis/Dataset/Autopilot/Machine23/deduplicate_Machine23.c", "C", 24, 0, 2, 2, 28
"/Users/sbukhari/Sandbox/CProgram/ASTanalysis/Dataset/Autopilot/Machine23/itemToString_Machine23.c", "C", 34, 0, 10, 10, 54
"/Users/sbukhari/Sandbox/CProgram/ASTanalysis/Dataset/Autopilot/Machine23/listInitialization_Machine23.c", "C", 12, 0, 2, 2, 16
"/Users/sbukhari/Sandbox/CProgram/ASTanalysis/Dataset/Autopilot/Machine23/load_Machine23.c", "C", 32, 0, 4, 4, 40
"/Users/sbukhari/Sandbox/CProgram/ASTanalysis/Dataset/Autopilot/Machine23/printList_Machine23.c", "C", 16, 0, 2, 3, 21
"/Users/sbukhari/Sandbox/CProgram/ASTanalysis/Dataset/Autopilot/Machine23/save_Machine23.c", "C", 22, 0, 3, 5, 30
"/Users/sbukhari/Sandbox/CProgram/ASTanalysis/Dataset/Autopilot/Machine24/itemToString_Machine24.c", "C", 13, 0, 3, 3, 19
"/Users/sbukhari/Sandbox/CProgram/ASTanalysis/Dataset/Autopilot/Machine24/listInitialization_Machine24.c", "C", 8, 0, 1, 1, 10
"/Users/sbukhari/Sandbox/CProgram/ASTanalysis/Dataset/Autopilot/Machine24/load_Machine24.c", "C", 35, 0, 6, 5, 46
"/Users/sbukhari/Sandbox/CProgram/ASTanalysis/Dataset/Autopilot/Machine24/printList_Machine24.c", "C", 16, 0, 2, 2, 20
"/Users/sbukhari/Sandbox/CProgram/ASTanalysis/Dataset/Autopilot/Machine24/save_Machine24.c", "C", 16, 0, 1, 3, 20
"/Users/sbukhari/Sandbox/CProgram/ASTanalysis/Dataset/Autopilot/Machine25/addItem_Machine25.c", "C", 23, 0, 0, 0, 23
"/Users/sbukhari/Sandbox/CProgram/ASTanalysis/Dataset/Autopilot/Machine25/costSum_Machine25.c", "C", 9, 0, 0, 0, 9
"/Users/sbukhari/Sandbox/CProgram/ASTanalysis/Dataset/Autopilot/Machine25/deduplicate_Machine25.c", "C", 18, 0, 0, 0, 18
"/Users/sbukhari/Sandbox/CProgram/ASTanalysis/Dataset/Autopilot/Machine25/highestPrice_Machine25.c", "C", 12, 0, 0, 0, 12
"/Users/sbukhari/Sandbox/CProgram/ASTanalysis/Dataset/Autopilot/Machine25/itemToString_Machine25.c", "C", 12, 0, 0, 1, 13
"/Users/sbukhari/Sandbox/CProgram/ASTanalysis/Dataset/Autopilot/Machine25/listInitialization_Machine25.c", "C", 4, 0, 0, 0, 4
"/Users/sbukhari/Sandbox/CProgram/ASTanalysis/Dataset/Autopilot/Machine25/load_Machine25.c", "C", 35, 0, 0, 0, 35
"/Users/sbukhari/Sandbox/CProgram/ASTanalysis/Dataset/Autopilot/Machine25/printList_Machine25.c", "C", 12, 0, 0, 0, 12
"/Users/sbukhari/Sandbox/CProgram/ASTanalysis/Dataset/Autopilot/Machine25/removeItem_Machine25.c", "C", 23, 0, 0, 0, 23
"/Users/sbukhari/Sandbox/CProgram/ASTanalysis/Dataset/Autopilot/Machine25/save_Machine25.c", "C", 13, 0, 0, 0, 13
"/Users/sbukhari/Sandbox/CProgram/ASTanalysis/Dataset/Autopilot/Machine25/swapItem_Machine25.c", "C", 44, 0, 0, 0, 44
"/Users/sbukhari/Sandbox/CProgram/ASTanalysis/Dataset/Autopilot/Machine25/updateItem_Machine25.c", "C", 18, 0, 0, 0, 18
"/Users/sbukhari/Sandbox/CProgram/ASTanalysis/Dataset/Autopilot/Machine26/addItem_Machine26.c", "C", 25, 0, 0, 0, 25
"/Users/sbukhari/Sandbox/CProgram/ASTanalysis/Dataset/Autopilot/Machine26/costSum_Machine26.c", "C", 11, 0, 0, 0, 11
"/Users/sbukhari/Sandbox/CProgram/ASTanalysis/Dataset/Autopilot/Machine26/deduplicate_Machine26.c", "C", 20, 0, 0, 0, 20
"/Users/sbukhari/Sandbox/CProgram/ASTanalysis/Dataset/Autopilot/Machine26/highestPrice_Machine26.c", "C", 19, 0, 0, 0, 19
"/Users/sbukhari/Sandbox/CProgram/ASTanalysis/Dataset/Autopilot/Machine26/itemToString_Machine26.c", "C", 11, 0, 0, 0, 11
"/Users/sbukhari/Sandbox/CProgram/ASTanalysis/Dataset/Autopilot/Machine26/listInitialization_Machine26.c", "C", 4, 0, 0, 0, 4
"/Users/sbukhari/Sandbox/CProgram/ASTanalysis/Dataset/Autopilot/Machine26/load_Machine26.c", "C", 46, 0, 0, 0, 46
"/Users/sbukhari/Sandbox/CProgram/ASTanalysis/Dataset/Autopilot/Machine26/printList_Machine26.c", "C", 14, 0, 0, 0, 14
"/Users/sbukhari/Sandbox/CProgram/ASTanalysis/Dataset/Autopilot/Machine26/removeItem_Machine26.c", "C", 20, 0, 0, 0, 20
"/Users/sbukhari/Sandbox/CProgram/ASTanalysis/Dataset/Autopilot/Machine26/save_Machine26.c", "C", 12, 0, 0, 0, 12
"/Users/sbukhari/Sandbox/CProgram/ASTanalysis/Dataset/Autopilot/Machine26/swapItem_Machine26.c", "C", 33, 0, 0, 0, 33
"/Users/sbukhari/Sandbox/CProgram/ASTanalysis/Dataset/Autopilot/Machine26/updateItem_Machine26.c", "C", 21, 0, 0, 0, 21
"/Users/sbukhari/Sandbox/CProgram/ASTanalysis/Dataset/Autopilot/Machine27/addItem_Machine27.c", "C", 24, 0, 0, 1, 25
"/Users/sbukhari/Sandbox/CProgram/ASTanalysis/Dataset/Autopilot/Machine27/costSum_Machine27.c", "C", 11, 0, 0, 0, 11
"/Users/sbukhari/Sandbox/CProgram/ASTanalysis/Dataset/Autopilot/Machine27/deduplicate_Machine27.c", "C", 36, 0, 0, 0, 36
"/Users/sbukhari/Sandbox/CProgram/ASTanalysis/Dataset/Autopilot/Machine27/highestPrice_Machine27.c", "C", 18, 0, 0, 0, 18
"/Users/sbukhari/Sandbox/CProgram/ASTanalysis/Dataset/Autopilot/Machine27/itemToString_Machine27.c", "C", 10, 0, 0, 0, 10
"/Users/sbukhari/Sandbox/CProgram/ASTanalysis/Dataset/Autopilot/Machine27/listInitialization_Machine27.c", "C", 4, 0, 0, 0, 4
"/Users/sbukhari/Sandbox/CProgram/ASTanalysis/Dataset/Autopilot/Machine27/load_Machine27.c", "C", 28, 0, 0, 2, 30
"/Users/sbukhari/Sandbox/CProgram/ASTanalysis/Dataset/Autopilot/Machine27/printList_Machine27.c", "C", 10, 0, 0, 0, 10
"/Users/sbukhari/Sandbox/CProgram/ASTanalysis/Dataset/Autopilot/Machine27/removeItem_Machine27.c", "C", 19, 0, 0, 0, 19
"/Users/sbukhari/Sandbox/CProgram/ASTanalysis/Dataset/Autopilot/Machine27/save_Machine27.c", "C", 12, 0, 0, 1, 13
"/Users/sbukhari/Sandbox/CProgram/ASTanalysis/Dataset/Autopilot/Machine27/swapItem_Machine27.c", "C", 38, 0, 0, 0, 38
"/Users/sbukhari/Sandbox/CProgram/ASTanalysis/Dataset/Autopilot/Machine27/updateItem_Machine27.c", "C", 17, 0, 0, 0, 17
"/Users/sbukhari/Sandbox/CProgram/ASTanalysis/Dataset/Autopilot/Machine28/addItem_Machine28.c", "C", 38, 0, 0, 3, 41
"/Users/sbukhari/Sandbox/CProgram/ASTanalysis/Dataset/Autopilot/Machine28/costSum_Machine28.c", "C", 10, 0, 0, 0, 10
"/Users/sbukhari/Sandbox/CProgram/ASTanalysis/Dataset/Autopilot/Machine28/deduplicate_Machine28.c", "C", 22, 0, 0, 0, 22
"/Users/sbukhari/Sandbox/CProgram/ASTanalysis/Dataset/Autopilot/Machine28/highestPrice_Machine28.c", "C", 16, 0, 0, 0, 16
"/Users/sbukhari/Sandbox/CProgram/ASTanalysis/Dataset/Autopilot/Machine28/itemToString_Machine28.c", "C", 7, 0, 0, 0, 7
"/Users/sbukhari/Sandbox/CProgram/ASTanalysis/Dataset/Autopilot/Machine28/listInitialization_Machine28.c", "C", 7, 0, 0, 0, 7
"/Users/sbukhari/Sandbox/CProgram/ASTanalysis/Dataset/Autopilot/Machine28/load_Machine28.c", "C", 17, 0, 0, 0, 17
"/Users/sbukhari/Sandbox/CProgram/ASTanalysis/Dataset/Autopilot/Machine28/printList_Machine28.c", "C", 13, 0, 0, 0, 13
"/Users/sbukhari/Sandbox/CProgram/ASTanalysis/Dataset/Autopilot/Machine28/removeItem_Machine28.c", "C", 26, 0, 0, 3, 29
"/Users/sbukhari/Sandbox/CProgram/ASTanalysis/Dataset/Autopilot/Machine28/save_Machine28.c", "C", 14, 0, 0, 0, 14
"/Users/sbukhari/Sandbox/CProgram/ASTanalysis/Dataset/Autopilot/Machine28/swapItem_Machine28.c", "C", 48, 0, 0, 5, 53
"/Users/sbukhari/Sandbox/CProgram/ASTanalysis/Dataset/Autopilot/Machine28/updateItem_Machine28.c", "C", 20, 0, 0, 2, 22
"/Users/sbukhari/Sandbox/CProgram/ASTanalysis/Dataset/Autopilot/Machine29/addItem_Machine29.c", "C", 44, 0, 0, 1, 45
"/Users/sbukhari/Sandbox/CProgram/ASTanalysis/Dataset/Autopilot/Machine29/costSum_Machine29.c", "C", 12, 0, 0, 0, 12
"/Users/sbukhari/Sandbox/CProgram/ASTanalysis/Dataset/Autopilot/Machine29/deduplicate_Machine29.c", "C", 18, 0, 0, 0, 18
"/Users/sbukhari/Sandbox/CProgram/ASTanalysis/Dataset/Autopilot/Machine29/highestPrice_Machine29.c", "C", 19, 0, 0, 0, 19
"/Users/sbukhari/Sandbox/CProgram/ASTanalysis/Dataset/Autopilot/Machine29/itemToString_Machine29.c", "C", 12, 0, 0, 0, 12
"/Users/sbukhari/Sandbox/CProgram/ASTanalysis/Dataset/Autopilot/Machine29/listInitialization_Machine29.c", "C", 4, 0, 0, 0, 4
"/Users/sbukhari/Sandbox/CProgram/ASTanalysis/Dataset/Autopilot/Machine29/load_Machine29.c", "C", 37, 0, 1, 1, 39
"/Users/sbukhari/Sandbox/CProgram/ASTanalysis/Dataset/Autopilot/Machine29/printList_Machine29.c", "C", 17, 0, 0, 0, 17
"/Users/sbukhari/Sandbox/CProgram/ASTanalysis/Dataset/Autopilot/Machine29/removeItem_Machine29.c", "C", 29, 0, 0, 1, 30
"/Users/sbukhari/Sandbox/CProgram/ASTanalysis/Dataset/Autopilot/Machine29/save_Machine29.c", "C", 19, 0, 1, 1, 21
"/Users/sbukhari/Sandbox/CProgram/ASTanalysis/Dataset/Autopilot/Machine29/swapItem_Machine29.c", "C", 52, 0, 0, 1, 53
"/Users/sbukhari/Sandbox/CProgram/ASTanalysis/Dataset/Autopilot/Machine29/updateItem_Machine29.c", "C", 32, 0, 0, 1, 33
"/Users/sbukhari/Sandbox/CProgram/ASTanalysis/Dataset/Autopilot/Machine3/addItem_Machine3.c", "C", 40, 0, 2, 0, 42
"/Users/sbukhari/Sandbox/CProgram/ASTanalysis/Dataset/Autopilot/Machine3/costSum_Machine3.c", "C", 14, 0, 0, 0, 14
"/Users/sbukhari/Sandbox/CProgram/ASTanalysis/Dataset/Autopilot/Machine3/deduplicate_Machine3.c", "C", 20, 0, 0, 0, 20
"/Users/sbukhari/Sandbox/CProgram/ASTanalysis/Dataset/Autopilot/Machine3/highestPrice_Machine3.c", "C", 21, 0, 0, 0, 21
"/Users/sbukhari/Sandbox/CProgram/ASTanalysis/Dataset/Autopilot/Machine3/itemToString_Machine3.c", "C", 8, 0, 0, 0, 8
"/Users/sbukhari/Sandbox/CProgram/ASTanalysis/Dataset/Autopilot/Machine3/listInitialization_Machine3.c", "C", 12, 0, 0, 0, 12
"/Users/sbukhari/Sandbox/CProgram/ASTanalysis/Dataset/Autopilot/Machine3/printList_Machine3.c", "C", 14, 0, 0, 0, 14
"/Users/sbukhari/Sandbox/CProgram/ASTanalysis/Dataset/Autopilot/Machine3/removeItem_Machine3.c", "C", 20, 0, 0, 0, 20
"/Users/sbukhari/Sandbox/CProgram/ASTanalysis/Dataset/Autopilot/Machine3/save_Machine3.c", "C", 18, 0, 0, 0, 18
"/Users/sbukhari/Sandbox/CProgram/ASTanalysis/Dataset/Autopilot/Machine3/swapItem_Machine3.c", "C", 25, 0, 0, 0, 25
"/Users/sbukhari/Sandbox/CProgram/ASTanalysis/Dataset/Autopilot/Machine3/updateItem_Machine3.c", "C", 20, 0, 0, 0, 20
"/Users/sbukhari/Sandbox/CProgram/ASTanalysis/Dataset/Autopilot/Machine30/addItem_Machine30.c", "C", 42, 0, 0, 3, 45
"/Users/sbukhari/Sandbox/CProgram/ASTanalysis/Dataset/Autopilot/Machine30/costSum_Machine30.c", "C", 13, 0, 0, 2, 15
"/Users/sbukhari/Sandbox/CProgram/ASTanalysis/Dataset/Autopilot/Machine30/deduplicate_Machine30.c", "C", 20, 0, 0, 1, 21
"/Users/sbukhari/Sandbox/CProgram/ASTanalysis/Dataset/Autopilot/Machine30/highestPrice_Machine30.c", "C", 19, 0, 0, 2, 21
"/Users/sbukhari/Sandbox/CProgram/ASTanalysis/Dataset/Autopilot/Machine30/itemToString_Machine30.c", "C", 9, 0, 0, 2, 11
"/Users/sbukhari/Sandbox/CProgram/ASTanalysis/Dataset/Autopilot/Machine30/listInitialization_Machine30.c", "C", 7, 0, 0, 1, 8
"/Users/sbukhari/Sandbox/CProgram/ASTanalysis/Dataset/Autopilot/Machine30/load_Machine30.c", "C", 22, 0, 0, 1, 23
"/Users/sbukhari/Sandbox/CProgram/ASTanalysis/Dataset/Autopilot/Machine30/printList_Machine30.c", "C", 15, 0, 0, 2, 17
"/Users/sbukhari/Sandbox/CProgram/ASTanalysis/Dataset/Autopilot/Machine30/removeItem_Machine30.c", "C", 27, 0, 0, 3, 30
"/Users/sbukhari/Sandbox/CProgram/ASTanalysis/Dataset/Autopilot/Machine30/save_Machine30.c", "C", 17, 0, 0, 1, 18
"/Users/sbukhari/Sandbox/CProgram/ASTanalysis/Dataset/Autopilot/Machine30/swapItem_Machine30.c", "C", 52, 0, 0, 11, 63
"/Users/sbukhari/Sandbox/CProgram/ASTanalysis/Dataset/Autopilot/Machine30/updateItem_Machine30.c", "C", 22, 0, 0, 3, 25
"/Users/sbukhari/Sandbox/CProgram/ASTanalysis/Dataset/Autopilot/Machine4/addItem_Machine4.c", "C", 22, 0, 5, 1, 28
"/Users/sbukhari/Sandbox/CProgram/ASTanalysis/Dataset/Autopilot/Machine4/costSum_Machine4.c", "C", 22, 0, 8, 0, 30
"/Users/sbukhari/Sandbox/CProgram/ASTanalysis/Dataset/Autopilot/Machine4/highestPrice_Machine4.c", "C", 40, 0, 13, 0, 53
"/Users/sbukhari/Sandbox/CProgram/ASTanalysis/Dataset/Autopilot/Machine4/itemToString_Machine4.c", "C", 19, 0, 6, 3, 28
"/Users/sbukhari/Sandbox/CProgram/ASTanalysis/Dataset/Autopilot/Machine4/listInitialization_Machine4.c", "C", 4, 0, 0, 0, 4
"/Users/sbukhari/Sandbox/CProgram/ASTanalysis/Dataset/Autopilot/Machine4/printList_Machine4.c", "C", 26, 0, 7, 3, 36
"/Users/sbukhari/Sandbox/CProgram/ASTanalysis/Dataset/Autopilot/Machine4/removeItem_Machine4.c", "C", 18, 0, 5, 1, 24
"/Users/sbukhari/Sandbox/CProgram/ASTanalysis/Dataset/Autopilot/Machine4/save_Machine4.c", "C", 34, 0, 8, 0, 42
"/Users/sbukhari/Sandbox/CProgram/ASTanalysis/Dataset/Autopilot/Machine4/swapItem_Machine4.c", "C", 29, 0, 12, 2, 43
"/Users/sbukhari/Sandbox/CProgram/ASTanalysis/Dataset/Autopilot/Machine4/updateItem_Machine4.c", "C", 18, 0, 5, 1, 24
"/Users/sbukhari/Sandbox/CProgram/ASTanalysis/Dataset/Autopilot/Machine5/addItem_Machine5.c", "C", 31, 0, 0, 11, 42
"/Users/sbukhari/Sandbox/CProgram/ASTanalysis/Dataset/Autopilot/Machine5/costSum_Machine5.c", "C", 12, 0, 0, 2, 14
"/Users/sbukhari/Sandbox/CProgram/ASTanalysis/Dataset/Autopilot/Machine5/deduplicate_Machine5.c", "C", 20, 0, 0, 4, 24
"/Users/sbukhari/Sandbox/CProgram/ASTanalysis/Dataset/Autopilot/Machine5/highestPrice_Machine5.c", "C", 18, 0, 0, 5, 23
"/Users/sbukhari/Sandbox/CProgram/ASTanalysis/Dataset/Autopilot/Machine5/itemToString_Machine5.c", "C", 11, 0, 0, 3, 14
"/Users/sbukhari/Sandbox/CProgram/ASTanalysis/Dataset/Autopilot/Machine5/listInitialization_Machine5.c", "C", 7, 0, 0, 3, 10
"/Users/sbukhari/Sandbox/CProgram/ASTanalysis/Dataset/Autopilot/Machine5/load_Machine5.c", "C", 28, 0, 1, 7, 36
"/Users/sbukhari/Sandbox/CProgram/ASTanalysis/Dataset/Autopilot/Machine5/printList_Machine5.c", "C", 13, 0, 0, 3, 16
"/Users/sbukhari/Sandbox/CProgram/ASTanalysis/Dataset/Autopilot/Machine5/removeItem_Machine5.c", "C", 16, 0, 0, 4, 20
"/Users/sbukhari/Sandbox/CProgram/ASTanalysis/Dataset/Autopilot/Machine5/save_Machine5.c", "C", 14, 0, 0, 4, 18
"/Users/sbukhari/Sandbox/CProgram/ASTanalysis/Dataset/Autopilot/Machine5/swapItem_Machine5.c", "C", 22, 0, 0, 5, 27
"/Users/sbukhari/Sandbox/CProgram/ASTanalysis/Dataset/Autopilot/Machine5/updateItem_Machine5.c", "C", 17, 0, 0, 4, 21
"/Users/sbukhari/Sandbox/CProgram/ASTanalysis/Dataset/Autopilot/Machine6/addItem_Machine6.c", "C", 30, 0, 0, 0, 30
"/Users/sbukhari/Sandbox/CProgram/ASTanalysis/Dataset/Autopilot/Machine6/costSum_Machine6.c", "C", 14, 0, 0, 0, 14
"/Users/sbukhari/Sandbox/CProgram/ASTanalysis/Dataset/Autopilot/Machine6/deduplicate_Machine6.c", "C", 26, 0, 0, 1, 27
"/Users/sbukhari/Sandbox/CProgram/ASTanalysis/Dataset/Autopilot/Machine6/highestPrice_Machine6.c", "C", 18, 0, 0, 0, 18
"/Users/sbukhari/Sandbox/CProgram/ASTanalysis/Dataset/Autopilot/Machine6/itemToString_Machine6.c", "C", 40, 0, 0, 0, 40
"/Users/sbukhari/Sandbox/CProgram/ASTanalysis/Dataset/Autopilot/Machine6/listInitialization_Machine6.c", "C", 8, 0, 0, 0, 8
"/Users/sbukhari/Sandbox/CProgram/ASTanalysis/Dataset/Autopilot/Machine6/load_Machine6.c", "C", 46, 0, 0, 0, 46
"/Users/sbukhari/Sandbox/CProgram/ASTanalysis/Dataset/Autopilot/Machine6/printList_Machine6.c", "C", 43, 0, 0, 0, 43
"/Users/sbukhari/Sandbox/CProgram/ASTanalysis/Dataset/Autopilot/Machine6/removeItem_Machine6.c", "C", 19, 0, 0, 0, 19
"/Users/sbukhari/Sandbox/CProgram/ASTanalysis/Dataset/Autopilot/Machine6/save_Machine6.c", "C", 24, 0, 0, 0, 24
"/Users/sbukhari/Sandbox/CProgram/ASTanalysis/Dataset/Autopilot/Machine6/swapItem_Machine6.c", "C", 33, 0, 0, 0, 33
"/Users/sbukhari/Sandbox/CProgram/ASTanalysis/Dataset/Autopilot/Machine6/updateItem_Machine6.c", "C", 20, 0, 0, 0, 20
"/Users/sbukhari/Sandbox/CProgram/ASTanalysis/Dataset/Autopilot/Machine7/costSum_Machine7.c", "C", 13, 0, 4, 4, 21
"/Users/sbukhari/Sandbox/CProgram/ASTanalysis/Dataset/Autopilot/Machine7/deduplicate_Machine7.c", "C", 25, 0, 2, 3, 30
"/Users/sbukhari/Sandbox/CProgram/ASTanalysis/Dataset/Autopilot/Machine7/itemToString_Machine7.c", "C", 15, 0, 6, 6, 27
"/Users/sbukhari/Sandbox/CProgram/ASTanalysis/Dataset/Autopilot/Machine7/listInitialization_Machine7.c", "C", 10, 0, 3, 2, 15
"/Users/sbukhari/Sandbox/CProgram/ASTanalysis/Dataset/Autopilot/Machine7/load_Machine7.c", "C", 14, 0, 3, 4, 21
"/Users/sbukhari/Sandbox/CProgram/ASTanalysis/Dataset/Autopilot/Machine7/printList_Machine7.c", "C", 17, 0, 4, 4, 25
"/Users/sbukhari/Sandbox/CProgram/ASTanalysis/Dataset/Autopilot/Machine7/save_Machine7.c", "C", 14, 0, 3, 4, 21
"/Users/sbukhari/Sandbox/CProgram/ASTanalysis/Dataset/Autopilot/Machine8/addItem_Machine8.c", "C", 30, 0, 0, 5, 35
"/Users/sbukhari/Sandbox/CProgram/ASTanalysis/Dataset/Autopilot/Machine8/costSum_Machine8.c", "C", 10, 0, 0, 2, 12
"/Users/sbukhari/Sandbox/CProgram/ASTanalysis/Dataset/Autopilot/Machine8/deduplicate_Machine8.c", "C", 22, 0, 0, 4, 26
"/Users/sbukhari/Sandbox/CProgram/ASTanalysis/Dataset/Autopilot/Machine8/highestPrice_Machine8.c", "C", 18, 0, 0, 4, 22
"/Users/sbukhari/Sandbox/CProgram/ASTanalysis/Dataset/Autopilot/Machine8/itemToString_Machine8.c", "C", 22, 0, 0, 4, 26
"/Users/sbukhari/Sandbox/CProgram/ASTanalysis/Dataset/Autopilot/Machine8/listInitialization_Machine8.c", "C", 4, 0, 0, 0, 4
"/Users/sbukhari/Sandbox/CProgram/ASTanalysis/Dataset/Autopilot/Machine8/load_Machine8.c", "C", 37, 0, 0, 8, 45
"/Users/sbukhari/Sandbox/CProgram/ASTanalysis/Dataset/Autopilot/Machine8/printList_Machine8.c", "C", 29, 0, 0, 7, 36
"/Users/sbukhari/Sandbox/CProgram/ASTanalysis/Dataset/Autopilot/Machine8/removeItem_Machine8.c", "C", 18, 0, 0, 4, 22
"/Users/sbukhari/Sandbox/CProgram/ASTanalysis/Dataset/Autopilot/Machine8/save_Machine8.c", "C", 15, 0, 0, 4, 19
"/Users/sbukhari/Sandbox/CProgram/ASTanalysis/Dataset/Autopilot/Machine8/swapItem_Machine8.c", "C", 49, 0, 0, 9, 58
"/Users/sbukhari/Sandbox/CProgram/ASTanalysis/Dataset/Autopilot/Machine8/updateItem_Machine8.c", "C", 23, 0, 0, 3, 26
"/Users/sbukhari/Sandbox/CProgram/ASTanalysis/Dataset/Autopilot/Machine9/addItem_Machine9.c", "C", 31, 0, 5, 0, 36
"/Users/sbukhari/Sandbox/CProgram/ASTanalysis/Dataset/Autopilot/Machine9/costSum_Machine9.c", "C", 15, 0, 3, 0, 18
"/Users/sbukhari/Sandbox/CProgram/ASTanalysis/Dataset/Autopilot/Machine9/deduplicate_Machine9.c", "C", 21, 0, 4, 0, 25
"/Users/sbukhari/Sandbox/CProgram/ASTanalysis/Dataset/Autopilot/Machine9/highestPrice_Machine9.c", "C", 19, 0, 4, 0, 23
"/Users/sbukhari/Sandbox/CProgram/ASTanalysis/Dataset/Autopilot/Machine9/itemToString_Machine9.c", "C", 24, 0, 9, 0, 33
"/Users/sbukhari/Sandbox/CProgram/ASTanalysis/Dataset/Autopilot/Machine9/listInitialization_Machine9.c", "C", 11, 0, 0, 0, 11
"/Users/sbukhari/Sandbox/CProgram/ASTanalysis/Dataset/Autopilot/Machine9/load_Machine9.c", "C", 31, 0, 0, 0, 31
"/Users/sbukhari/Sandbox/CProgram/ASTanalysis/Dataset/Autopilot/Machine9/printList_Machine9.c", "C", 27, 0, 9, 0, 36
"/Users/sbukhari/Sandbox/CProgram/ASTanalysis/Dataset/Autopilot/Machine9/removeItem_Machine9.c", "C", 28, 0, 5, 0, 33
"/Users/sbukhari/Sandbox/CProgram/ASTanalysis/Dataset/Autopilot/Machine9/save_Machine9.c", "C", 24, 0, 0, 0, 24
"/Users/sbukhari/Sandbox/CProgram/ASTanalysis/Dataset/Autopilot/Machine9/swapItem_Machine9.c", "C", 42, 0, 8, 0, 50
"/Users/sbukhari/Sandbox/CProgram/ASTanalysis/Dataset/Autopilot/Machine9/updateItem_Machine9.c", "C", 29, 0, 8, 0, 37
"/Users/sbukhari/Sandbox/CProgram/ASTanalysis/Dataset/Control/Human1/addItem_Human1.c", "C", 17, 0, 3, 1, 21
"/Users/sbukhari/Sandbox/CProgram/ASTanalysis/Dataset/Control/Human1/itemToString_Human1.c", "C", 7, 0, 2, 0, 9
"/Users/sbukhari/Sandbox/CProgram/ASTanalysis/Dataset/Control/Human1/listInitialization_Human1.c", "C", 5, 0, 0, 0, 5
"/Users/sbukhari/Sandbox/CProgram/ASTanalysis/Dataset/Control/Human1/printList_Human1.c", "C", 14, 0, 4, 0, 18
"/Users/sbukhari/Sandbox/CProgram/ASTanalysis/Dataset/Control/Human10/addItem_Human10.c", "C", 29, 0, 0, 2, 31
"/Users/sbukhari/Sandbox/CProgram/ASTanalysis/Dataset/Control/Human10/costSum_Human10.c", "C", 10, 0, 0, 3, 13
"/Users/sbukhari/Sandbox/CProgram/ASTanalysis/Dataset/Control/Human10/deduplicate_Human10.c", "C", 20, 0, 0, 2, 22
"/Users/sbukhari/Sandbox/CProgram/ASTanalysis/Dataset/Control/Human10/highestPrice_Human10.c", "C", 12, 0, 0, 4, 16
"/Users/sbukhari/Sandbox/CProgram/ASTanalysis/Dataset/Control/Human10/itemToString_Human10.c", "C", 6, 0, 0, 0, 6
"/Users/sbukhari/Sandbox/CProgram/ASTanalysis/Dataset/Control/Human10/listInitialization_Human10.c", "C", 5, 0, 0, 0, 5
"/Users/sbukhari/Sandbox/CProgram/ASTanalysis/Dataset/Control/Human10/load_Human10.c", "C", 24, 0, 0, 5, 29
"/Users/sbukhari/Sandbox/CProgram/ASTanalysis/Dataset/Control/Human10/printList_Human10.c", "C", 9, 0, 0, 0, 9
"/Users/sbukhari/Sandbox/CProgram/ASTanalysis/Dataset/Control/Human10/removeItem_Human10.c", "C", 21, 0, 0, 3, 24
"/Users/sbukhari/Sandbox/CProgram/ASTanalysis/Dataset/Control/Human10/save_Human10.c", "C", 14, 0, 0, 5, 19
"/Users/sbukhari/Sandbox/CProgram/ASTanalysis/Dataset/Control/Human10/swapItem_Human10.c", "C", 36, 0, 0, 9, 45
"/Users/sbukhari/Sandbox/CProgram/ASTanalysis/Dataset/Control/Human10/updateItem_Human10.c", "C", 14, 0, 0, 0, 14
"/Users/sbukhari/Sandbox/CProgram/ASTanalysis/Dataset/Control/Human11/addItem_Human11.c", "C", 20, 0, 19, 2, 41
"/Users/sbukhari/Sandbox/CProgram/ASTanalysis/Dataset/Control/Human11/costSum_Human11.c", "C", 11, 0, 2, 0, 13
"/Users/sbukhari/Sandbox/CProgram/ASTanalysis/Dataset/Control/Human11/deduplicate_Human11.cpp", "C++", 0, 27, 3, 1, 31
"/Users/sbukhari/Sandbox/CProgram/ASTanalysis/Dataset/Control/Human11/highestPrice_Human11.c", "C", 15, 0, 2, 1, 18
"/Users/sbukhari/Sandbox/CProgram/ASTanalysis/Dataset/Control/Human11/itemToString_Human11.cpp", "C++", 0, 8, 4, 0, 12
"/Users/sbukhari/Sandbox/CProgram/ASTanalysis/Dataset/Control/Human11/listInitialization_Human11.c", "C", 5, 0, 0, 0, 5
"/Users/sbukhari/Sandbox/CProgram/ASTanalysis/Dataset/Control/Human11/load_Human11.c", "C", 35, 0, 2, 0, 37
"/Users/sbukhari/Sandbox/CProgram/ASTanalysis/Dataset/Control/Human11/printList_Human11.cpp", "C++", 0, 15, 2, 0, 17
"/Users/sbukhari/Sandbox/CProgram/ASTanalysis/Dataset/Control/Human11/removeItem_Human11.c", "C", 10, 0, 2, 0, 12
"/Users/sbukhari/Sandbox/CProgram/ASTanalysis/Dataset/Control/Human11/save_Human11.c", "C", 13, 0, 2, 0, 15
"/Users/sbukhari/Sandbox/CProgram/ASTanalysis/Dataset/Control/Human11/swapItem_Human11.c", "C", 33, 0, 2, 1, 36
"/Users/sbukhari/Sandbox/CProgram/ASTanalysis/Dataset/Control/Human11/updateItem_Human11.cpp", "C++", 0, 10, 2, 0, 12
"/Users/sbukhari/Sandbox/CProgram/ASTanalysis/Dataset/Control/Human12/addItem_Human12.cpp", "C++", 0, 12, 1, 3, 16
"/Users/sbukhari/Sandbox/CProgram/ASTanalysis/Dataset/Control/Human12/costSum_Human12.cpp", "C++", 0, 4, 2, 0, 6
"/Users/sbukhari/Sandbox/CProgram/ASTanalysis/Dataset/Control/Human12/deduplicate_Human12.c", "C", 4, 0, 0, 0, 4
"/Users/sbukhari/Sandbox/CProgram/ASTanalysis/Dataset/Control/Human12/highestPrice_Human12.cpp", "C++", 0, 4, 2, 0, 6
"/Users/sbukhari/Sandbox/CProgram/ASTanalysis/Dataset/Control/Human12/itemToString_Human12.cpp", "C++", 0, 3, 2, 0, 5
"/Users/sbukhari/Sandbox/CProgram/ASTanalysis/Dataset/Control/Human12/listInitialization_Human12.c", "C", 5, 0, 0, 0, 5
"/Users/sbukhari/Sandbox/CProgram/ASTanalysis/Dataset/Control/Human12/printList_Human12.c", "C", 11, 0, 0, 0, 11
"/Users/sbukhari/Sandbox/CProgram/ASTanalysis/Dataset/Control/Human12/removeItem_Human12.c", "C", 4, 0, 2, 0, 6
"/Users/sbukhari/Sandbox/CProgram/ASTanalysis/Dataset/Control/Human12/save_Human12.c", "C", 4, 0, 2, 0, 6
"/Users/sbukhari/Sandbox/CProgram/ASTanalysis/Dataset/Control/Human12/swapItem_Human12.c", "C", 3, 0, 2, 0, 5
"/Users/sbukhari/Sandbox/CProgram/ASTanalysis/Dataset/Control/Human12/updateItem_Human12.cpp", "C++", 0, 3, 2, 0, 5
"/Users/sbukhari/Sandbox/CProgram/ASTanalysis/Dataset/Control/Human13/addItem_Human13.c", "C", 28, 0, 0, 4, 32
"/Users/sbukhari/Sandbox/CProgram/ASTanalysis/Dataset/Control/Human13/itemToString_Human13.cpp", "C++", 0, 10, 2, 0, 12
"/Users/sbukhari/Sandbox/CProgram/ASTanalysis/Dataset/Control/Human13/listInitialization_Human13.c", "C", 5, 0, 0, 0, 5
"/Users/sbukhari/Sandbox/CProgram/ASTanalysis/Dataset/Control/Human13/printList_Human13.c", "C", 8, 0, 0, 0, 8
"/Users/sbukhari/Sandbox/CProgram/ASTanalysis/Dataset/Control/Human13/removeItem_Human13.c", "C", 16, 0, 0, 0, 16
"/Users/sbukhari/Sandbox/CProgram/ASTanalysis/Dataset/Control/Human13/updateItem_Human13.c", "C", 17, 0, 1, 0, 18
"/Users/sbukhari/Sandbox/CProgram/ASTanalysis/Dataset/Control/Human14/itemToString_Human14.cpp", "C++", 0, 14, 2, 1, 17
"/Users/sbukhari/Sandbox/CProgram/ASTanalysis/Dataset/Control/Human14/listInitialization_Human14.c", "C", 5, 0, 0, 0, 5
"/Users/sbukhari/Sandbox/CProgram/ASTanalysis/Dataset/Control/Human14/printList_Human14.c", "C", 16, 0, 2, 0, 18
"/Users/sbukhari/Sandbox/CProgram/ASTanalysis/Dataset/Control/Human15/addItem_Human15.c", "C", 19, 0, 0, 1, 20
"/Users/sbukhari/Sandbox/CProgram/ASTanalysis/Dataset/Control/Human15/costSum_Human15.cpp", "C++", 0, 8, 0, 1, 9
"/Users/sbukhari/Sandbox/CProgram/ASTanalysis/Dataset/Control/Human15/highestPrice_Human15.c", "C", 15, 0, 0, 0, 15
"/Users/sbukhari/Sandbox/CProgram/ASTanalysis/Dataset/Control/Human15/itemToString_Human15.c", "C", 4, 0, 0, 0, 4
"/Users/sbukhari/Sandbox/CProgram/ASTanalysis/Dataset/Control/Human15/listInitialization_Human15.c", "C", 5, 0, 0, 0, 5
"/Users/sbukhari/Sandbox/CProgram/ASTanalysis/Dataset/Control/Human15/printList_Human15.c", "C", 12, 0, 0, 0, 12
"/Users/sbukhari/Sandbox/CProgram/ASTanalysis/Dataset/Control/Human15/removeItem_Human15.c", "C", 13, 0, 0, 0, 13
"/Users/sbukhari/Sandbox/CProgram/ASTanalysis/Dataset/Control/Human15/swapItem_Human15.c", "C", 20, 0, 0, 2, 22
"/Users/sbukhari/Sandbox/CProgram/ASTanalysis/Dataset/Control/Human15/updateItem_Human15.cpp", "C++", 0, 11, 0, 0, 11
"/Users/sbukhari/Sandbox/CProgram/ASTanalysis/Dataset/Control/Human16/addItem_Human16.c", "C", 24, 0, 2, 5, 31
"/Users/sbukhari/Sandbox/CProgram/ASTanalysis/Dataset/Control/Human16/costSum_Human16.c", "C", 10, 0, 2, 0, 12
"/Users/sbukhari/Sandbox/CProgram/ASTanalysis/Dataset/Control/Human16/deduplicate_Human16.c", "C", 26, 0, 2, 0, 28
"/Users/sbukhari/Sandbox/CProgram/ASTanalysis/Dataset/Control/Human16/highestPrice_Human16.c", "C", 16, 0, 2, 0, 18
"/Users/sbukhari/Sandbox/CProgram/ASTanalysis/Dataset/Control/Human16/itemToString_Human16.c", "C", 7, 0, 5, 0, 12
"/Users/sbukhari/Sandbox/CProgram/ASTanalysis/Dataset/Control/Human16/listInitialization_Human16.c", "C", 5, 0, 0, 0, 5
"/Users/sbukhari/Sandbox/CProgram/ASTanalysis/Dataset/Control/Human16/load_Human16.c", "C", 33, 0, 2, 6, 41
"/Users/sbukhari/Sandbox/CProgram/ASTanalysis/Dataset/Control/Human16/printList_Human16.c", "C", 11, 0, 2, 0, 13
"/Users/sbukhari/Sandbox/CProgram/ASTanalysis/Dataset/Control/Human16/removeItem_Human16.c", "C", 20, 0, 2, 3, 25
"/Users/sbukhari/Sandbox/CProgram/ASTanalysis/Dataset/Control/Human16/save_Human16.cpp", "C++", 0, 18, 2, 4, 24
"/Users/sbukhari/Sandbox/CProgram/ASTanalysis/Dataset/Control/Human16/swapItem_Human16.c", "C", 30, 0, 2, 4, 36
"/Users/sbukhari/Sandbox/CProgram/ASTanalysis/Dataset/Control/Human16/updateItem_Human16.cpp", "C++", 0, 15, 2, 3, 20
"/Users/sbukhari/Sandbox/CProgram/ASTanalysis/Dataset/Control/Human17/addItem_Human17.c", "C", 27, 0, 0, 0, 27
"/Users/sbukhari/Sandbox/CProgram/ASTanalysis/Dataset/Control/Human17/costSum_Human17.cpp", "C++", 0, 12, 0, 0, 12
"/Users/sbukhari/Sandbox/CProgram/ASTanalysis/Dataset/Control/Human17/highestPrice_Human17.c", "C", 18, 0, 0, 1, 19
"/Users/sbukhari/Sandbox/CProgram/ASTanalysis/Dataset/Control/Human17/itemToString_Human17.c", "C", 13, 0, 0, 1, 14
"/Users/sbukhari/Sandbox/CProgram/ASTanalysis/Dataset/Control/Human17/listInitialization_Human17.c", "C", 5, 0, 0, 0, 5
"/Users/sbukhari/Sandbox/CProgram/ASTanalysis/Dataset/Control/Human17/printList_Human17.c", "C", 13, 0, 0, 1, 14
"/Users/sbukhari/Sandbox/CProgram/ASTanalysis/Dataset/Control/Human17/removeItem_Human17.c", "C", 28, 0, 0, 1, 29
"/Users/sbukhari/Sandbox/CProgram/ASTanalysis/Dataset/Control/Human17/save_Human17.cpp", "C++", 0, 5, 0, 0, 5
"/Users/sbukhari/Sandbox/CProgram/ASTanalysis/Dataset/Control/Human17/swapItem_Human17.c", "C", 46, 0, 13, 13, 72
"/Users/sbukhari/Sandbox/CProgram/ASTanalysis/Dataset/Control/Human17/updateItem_Human17.cpp", "C++", 0, 14, 0, 2, 16
"/Users/sbukhari/Sandbox/CProgram/ASTanalysis/Dataset/Control/Human18/addItem_Human18.cpp", "C++", 0, 8, 13, 0, 21
"/Users/sbukhari/Sandbox/CProgram/ASTanalysis/Dataset/Control/Human18/itemToString_Human18.cpp", "C++", 0, 5, 7, 1, 13
"/Users/sbukhari/Sandbox/CProgram/ASTanalysis/Dataset/Control/Human18/listInitialization_Human18.c", "C", 5, 0, 0, 0, 5
"/Users/sbukhari/Sandbox/CProgram/ASTanalysis/Dataset/Control/Human18/printList_Human18.c", "C", 11, 0, 0, 0, 11
"/Users/sbukhari/Sandbox/CProgram/ASTanalysis/Dataset/Control/Human19/addItem_Human19.c", "C", 17, 0, 1, 4, 22
"/Users/sbukhari/Sandbox/CProgram/ASTanalysis/Dataset/Control/Human19/itemToString_Human19.cpp", "C++", 0, 7, 0, 1, 8
"/Users/sbukhari/Sandbox/CProgram/ASTanalysis/Dataset/Control/Human19/listInitialization_Human19.c", "C", 5, 0, 0, 0, 5
"/Users/sbukhari/Sandbox/CProgram/ASTanalysis/Dataset/Control/Human19/printList_Human19.c", "C", 10, 0, 0, 1, 11
"/Users/sbukhari/Sandbox/CProgram/ASTanalysis/Dataset/Control/Human2/addItem_Human2.c", "C", 13, 0, 2, 0, 15
"/Users/sbukhari/Sandbox/CProgram/ASTanalysis/Dataset/Control/Human2/listInitialization_Human2.c", "C", 5, 0, 0, 0, 5
"/Users/sbukhari/Sandbox/CProgram/ASTanalysis/Dataset/Control/Human20/addItem_Human20.c", "C", 8, 0, 4, 1, 13
"/Users/sbukhari/Sandbox/CProgram/ASTanalysis/Dataset/Control/Human20/listInitialization_Human20.c", "C", 5, 0, 0, 0, 5
"/Users/sbukhari/Sandbox/CProgram/ASTanalysis/Dataset/Control/Human20/printList_Human20.c", "C", 12, 0, 0, 0, 12
"/Users/sbukhari/Sandbox/CProgram/ASTanalysis/Dataset/Control/Human20/removeItem_Human20.c", "C", 4, 0, 4, 0, 8
"/Users/sbukhari/Sandbox/CProgram/ASTanalysis/Dataset/Control/Human20/updateItem_Human20.c", "C", 5, 0, 9, 1, 15
"/Users/sbukhari/Sandbox/CProgram/ASTanalysis/Dataset/Control/Human21/addItem_Human21.c", "C", 21, 0, 2, 2, 25
"/Users/sbukhari/Sandbox/CProgram/ASTanalysis/Dataset/Control/Human21/itemToString_Human21.c", "C", 5, 0, 2, 0, 7
"/Users/sbukhari/Sandbox/CProgram/ASTanalysis/Dataset/Control/Human21/listInitialization_Human21.c", "C", 5, 0, 0, 0, 5
"/Users/sbukhari/Sandbox/CProgram/ASTanalysis/Dataset/Control/Human21/printList_Human21.c", "C", 11, 0, 2, 2, 15
"/Users/sbukhari/Sandbox/CProgram/ASTanalysis/Dataset/Control/Human22/addItem_Human22.c", "C", 22, 0, 3, 4, 29
"/Users/sbukhari/Sandbox/CProgram/ASTanalysis/Dataset/Control/Human22/itemToString_Human22.cpp", "C++", 0, 5, 2, 0, 7
"/Users/sbukhari/Sandbox/CProgram/ASTanalysis/Dataset/Control/Human22/listInitialization_Human22.c", "C", 5, 0, 0, 0, 5
"/Users/sbukhari/Sandbox/CProgram/ASTanalysis/Dataset/Control/Human22/printList_Human22.c", "C", 11, 0, 2, 0, 13
"/Users/sbukhari/Sandbox/CProgram/ASTanalysis/Dataset/Control/Human23/addItem_Human23.c", "C", 24, 0, 2, 3, 29
"/Users/sbukhari/Sandbox/CProgram/ASTanalysis/Dataset/Control/Human23/costSum_Human23.c", "C", 9, 0, 0, 0, 9
"/Users/sbukhari/Sandbox/CProgram/ASTanalysis/Dataset/Control/Human23/deduplicate_Human23.c", "C", 17, 0, 0, 1, 18
"/Users/sbukhari/Sandbox/CProgram/ASTanalysis/Dataset/Control/Human23/highestPrice_Human23.c", "C", 15, 0, 0, 0, 15
"/Users/sbukhari/Sandbox/CProgram/ASTanalysis/Dataset/Control/Human23/itemToString_Human23.cpp", "C++", 0, 6, 2, 0, 8
"/Users/sbukhari/Sandbox/CProgram/ASTanalysis/Dataset/Control/Human23/listInitialization_Human23.c", "C", 5, 0, 0, 1, 6
"/Users/sbukhari/Sandbox/CProgram/ASTanalysis/Dataset/Control/Human23/load_Human23.c", "C", 27, 0, 0, 4, 31
"/Users/sbukhari/Sandbox/CProgram/ASTanalysis/Dataset/Control/Human23/printList_Human23.c", "C", 14, 0, 0, 0, 14
"/Users/sbukhari/Sandbox/CProgram/ASTanalysis/Dataset/Control/Human23/removeItem_Human23.c", "C", 22, 0, 0, 1, 23
"/Users/sbukhari/Sandbox/CProgram/ASTanalysis/Dataset/Control/Human23/save_Human23.cpp", "C++", 0, 14, 0, 3, 17
"/Users/sbukhari/Sandbox/CProgram/ASTanalysis/Dataset/Control/Human23/swapItem_Human23.c", "C", 25, 0, 0, 4, 29
"/Users/sbukhari/Sandbox/CProgram/ASTanalysis/Dataset/Control/Human23/updateItem_Human23.cpp", "C++", 0, 14, 0, 2, 16
"/Users/sbukhari/Sandbox/CProgram/ASTanalysis/Dataset/Control/Human24/itemToString_Human24.cpp", "C++", 0, 9, 0, 0, 9
"/Users/sbukhari/Sandbox/CProgram/ASTanalysis/Dataset/Control/Human24/listInitialization_Human24.c", "C", 5, 0, 0, 0, 5
"/Users/sbukhari/Sandbox/CProgram/ASTanalysis/Dataset/Control/Human25/costSum_Human25.cpp", "C++", 0, 9, 2, 0, 11
"/Users/sbukhari/Sandbox/CProgram/ASTanalysis/Dataset/Control/Human25/highestPrice_Human25.c", "C", 15, 0, 2, 0, 17
"/Users/sbukhari/Sandbox/CProgram/ASTanalysis/Dataset/Control/Human25/itemToString_Human25.cpp", "C++", 0, 11, 4, 0, 15
"/Users/sbukhari/Sandbox/CProgram/ASTanalysis/Dataset/Control/Human25/listInitialization_Human25.c", "C", 5, 0, 0, 0, 5
"/Users/sbukhari/Sandbox/CProgram/ASTanalysis/Dataset/Control/Human25/printList_Human25.c", "C", 8, 0, 2, 0, 10
"/Users/sbukhari/Sandbox/CProgram/ASTanalysis/Dataset/Control/Human26/addItem_Human26.c", "C", 29, 0, 8, 8, 45
"/Users/sbukhari/Sandbox/CProgram/ASTanalysis/Dataset/Control/Human26/costSum_Human26.c", "C", 11, 0, 4, 4, 19
"/Users/sbukhari/Sandbox/CProgram/ASTanalysis/Dataset/Control/Human26/deduplicate_Human26.c", "C", 24, 0, 6, 6, 36
"/Users/sbukhari/Sandbox/CProgram/ASTanalysis/Dataset/Control/Human26/highestPrice_Human26.c", "C", 19, 0, 5, 6, 30
"/Users/sbukhari/Sandbox/CProgram/ASTanalysis/Dataset/Control/Human26/itemToString_Human26.c", "C", 10, 0, 4, 3, 17
"/Users/sbukhari/Sandbox/CProgram/ASTanalysis/Dataset/Control/Human26/listInitialization_Human26.c", "C", 5, 0, 0, 0, 5
"/Users/sbukhari/Sandbox/CProgram/ASTanalysis/Dataset/Control/Human26/load_Human26.cpp", "C++", 0, 25, 7, 8, 40
"/Users/sbukhari/Sandbox/CProgram/ASTanalysis/Dataset/Control/Human26/printList_Human26.c", "C", 15, 0, 3, 3, 21
"/Users/sbukhari/Sandbox/CProgram/ASTanalysis/Dataset/Control/Human26/removeItem_Human26.c", "C", 25, 0, 7, 8, 40
"/Users/sbukhari/Sandbox/CProgram/ASTanalysis/Dataset/Control/Human26/save_Human26.cpp", "C++", 0, 15, 5, 5, 25
"/Users/sbukhari/Sandbox/CProgram/ASTanalysis/Dataset/Control/Human26/swapItem_Human26.c", "C", 33, 0, 6, 11, 50
"/Users/sbukhari/Sandbox/CProgram/ASTanalysis/Dataset/Control/Human26/updateItem_Human26.c", "C", 20, 0, 6, 6, 32
"/Users/sbukhari/Sandbox/CProgram/ASTanalysis/Dataset/Control/Human27/addItem_Human27.c", "C", 23, 0, 2, 1, 26
"/Users/sbukhari/Sandbox/CProgram/ASTanalysis/Dataset/Control/Human27/costSum_Human27.c", "C", 11, 0, 2, 1, 14
"/Users/sbukhari/Sandbox/CProgram/ASTanalysis/Dataset/Control/Human27/deduplicate_Human27.c", "C", 17, 0, 2, 1, 20
"/Users/sbukhari/Sandbox/CProgram/ASTanalysis/Dataset/Control/Human27/highestPrice_Human27.c", "C", 4, 0, 19, 1, 24
"/Users/sbukhari/Sandbox/CProgram/ASTanalysis/Dataset/Control/Human27/itemToString_Human27.c", "C", 5, 0, 3, 0, 8
"/Users/sbukhari/Sandbox/CProgram/ASTanalysis/Dataset/Control/Human27/listInitialization_Human27.c", "C", 5, 0, 0, 0, 5
"/Users/sbukhari/Sandbox/CProgram/ASTanalysis/Dataset/Control/Human27/load_Human27.cpp", "C++", 0, 20, 2, 4, 26
"/Users/sbukhari/Sandbox/CProgram/ASTanalysis/Dataset/Control/Human27/printList_Human27.c", "C", 10, 0, 2, 0, 12
"/Users/sbukhari/Sandbox/CProgram/ASTanalysis/Dataset/Control/Human27/removeItem_Human27.c", "C", 22, 0, 2, 1, 25
"/Users/sbukhari/Sandbox/CProgram/ASTanalysis/Dataset/Control/Human27/save_Human27.cpp", "C++", 0, 12, 2, 0, 14
"/Users/sbukhari/Sandbox/CProgram/ASTanalysis/Dataset/Control/Human27/swapItem_Human27.c", "C", 42, 0, 3, 8, 53
"/Users/sbukhari/Sandbox/CProgram/ASTanalysis/Dataset/Control/Human27/updateItem_Human27.cpp", "C++", 0, 13, 2, 1, 16
"/Users/sbukhari/Sandbox/CProgram/ASTanalysis/Dataset/Control/Human28/itemToString_Human28.cpp", "C++", 0, 4, 0, 0, 4
"/Users/sbukhari/Sandbox/CProgram/ASTanalysis/Dataset/Control/Human28/listInitialization_Human28.c", "C", 5, 0, 0, 0, 5
"/Users/sbukhari/Sandbox/CProgram/ASTanalysis/Dataset/Control/Human28/printList_Human28.c", "C", 10, 0, 0, 0, 10
"/Users/sbukhari/Sandbox/CProgram/ASTanalysis/Dataset/Control/Human3/addItem_Human3.c", "C", 24, 0, 2, 1, 27
"/Users/sbukhari/Sandbox/CProgram/ASTanalysis/Dataset/Control/Human3/costSum_Human3.c", "C", 15, 0, 2, 1, 18
"/Users/sbukhari/Sandbox/CProgram/ASTanalysis/Dataset/Control/Human3/deduplicate_Human3.c", "C", 32, 0, 3, 5, 40
"/Users/sbukhari/Sandbox/CProgram/ASTanalysis/Dataset/Control/Human3/highestPrice_Human3.c", "C", 20, 0, 2, 1, 23
"/Users/sbukhari/Sandbox/CProgram/ASTanalysis/Dataset/Control/Human3/itemToString_Human3.c", "C", 6, 0, 2, 1, 9
"/Users/sbukhari/Sandbox/CProgram/ASTanalysis/Dataset/Control/Human3/listInitialization_Human3.c", "C", 5, 0, 0, 0, 5
"/Users/sbukhari/Sandbox/CProgram/ASTanalysis/Dataset/Control/Human3/load_Human3.c", "C", 15, 0, 2, 1, 18
"/Users/sbukhari/Sandbox/CProgram/ASTanalysis/Dataset/Control/Human3/printList_Human3.c", "C", 11, 0, 2, 0, 13
"/Users/sbukhari/Sandbox/CProgram/ASTanalysis/Dataset/Control/Human3/removeItem_Human3.c", "C", 18, 0, 2, 2, 22
"/Users/sbukhari/Sandbox/CProgram/ASTanalysis/Dataset/Control/Human3/save_Human3.c", "C", 12, 0, 2, 2, 16
"/Users/sbukhari/Sandbox/CProgram/ASTanalysis/Dataset/Control/Human3/swapItem_Human3.c", "C", 22, 0, 2, 2, 26
"/Users/sbukhari/Sandbox/CProgram/ASTanalysis/Dataset/Control/Human3/updateItem_Human3.c", "C", 10, 0, 2, 0, 12
"/Users/sbukhari/Sandbox/CProgram/ASTanalysis/Dataset/Control/Human4/addItem_Human4.c", "C", 18, 0, 6, 2, 26
"/Users/sbukhari/Sandbox/CProgram/ASTanalysis/Dataset/Control/Human4/itemToString_Human4.c", "C", 17, 0, 0, 0, 17
"/Users/sbukhari/Sandbox/CProgram/ASTanalysis/Dataset/Control/Human4/listInitialization_Human4.c", "C", 5, 0, 0, 0, 5
"/Users/sbukhari/Sandbox/CProgram/ASTanalysis/Dataset/Control/Human4/printList_Human4.c", "C", 12, 0, 2, 0, 14
"/Users/sbukhari/Sandbox/CProgram/ASTanalysis/Dataset/Control/Human5/addItem_Human5.c", "C", 21, 0, 0, 0, 21
"/Users/sbukhari/Sandbox/CProgram/ASTanalysis/Dataset/Control/Human5/costSum_Human5.c", "C", 10, 0, 1, 2, 13
"/Users/sbukhari/Sandbox/CProgram/ASTanalysis/Dataset/Control/Human5/deduplicate_Human5.c", "C", 40, 0, 1, 7, 48
"/Users/sbukhari/Sandbox/CProgram/ASTanalysis/Dataset/Control/Human5/highestPrice_Human5.c", "C", 16, 0, 1, 2, 19
"/Users/sbukhari/Sandbox/CProgram/ASTanalysis/Dataset/Control/Human5/itemToString_Human5.c", "C", 5, 0, 1, 2, 8
"/Users/sbukhari/Sandbox/CProgram/ASTanalysis/Dataset/Control/Human5/listInitialization_Human5.c", "C", 5, 0, 0, 0, 5
"/Users/sbukhari/Sandbox/CProgram/ASTanalysis/Dataset/Control/Human5/load_Human5.c", "C", 24, 0, 1, 2, 27
"/Users/sbukhari/Sandbox/CProgram/ASTanalysis/Dataset/Control/Human5/printList_Human5.c", "C", 16, 0, 1, 2, 19
"/Users/sbukhari/Sandbox/CProgram/ASTanalysis/Dataset/Control/Human5/removeItem_Human5.c", "C", 21, 0, 1, 2, 24
"/Users/sbukhari/Sandbox/CProgram/ASTanalysis/Dataset/Control/Human5/save_Human5.c", "C", 11, 0, 1, 5, 17
"/Users/sbukhari/Sandbox/CProgram/ASTanalysis/Dataset/Control/Human5/swapItem_Human5.c", "C", 35, 0, 1, 3, 39
"/Users/sbukhari/Sandbox/CProgram/ASTanalysis/Dataset/Control/Human5/updateItem_Human5.c", "C", 24, 0, 1, 1, 26
"/Users/sbukhari/Sandbox/CProgram/ASTanalysis/Dataset/Control/Human6/addItem_Human6.c", "C", 19, 0, 0, 4, 23
"/Users/sbukhari/Sandbox/CProgram/ASTanalysis/Dataset/Control/Human6/itemToString_Human6.c", "C", 7, 0, 4, 3, 14
"/Users/sbukhari/Sandbox/CProgram/ASTanalysis/Dataset/Control/Human6/listInitialization_Human6.c", "C", 5, 0, 0, 0, 5
"/Users/sbukhari/Sandbox/CProgram/ASTanalysis/Dataset/Control/Human6/printList_Human6.c", "C", 9, 0, 2, 0, 11
"/Users/sbukhari/Sandbox/CProgram/ASTanalysis/Dataset/Control/Human6/removeItem_Human6.c", "C", 12, 0, 2, 3, 17
"/Users/sbukhari/Sandbox/CProgram/ASTanalysis/Dataset/Control/Human7/addItem_Human7.c", "C", 23, 0, 2, 0, 25
"/Users/sbukhari/Sandbox/CProgram/ASTanalysis/Dataset/Control/Human7/costSum_Human7.c", "C", 10, 0, 2, 0, 12
"/Users/sbukhari/Sandbox/CProgram/ASTanalysis/Dataset/Control/Human7/highestPrice_Human7.c", "C", 15, 0, 2, 0, 17
"/Users/sbukhari/Sandbox/CProgram/ASTanalysis/Dataset/Control/Human7/itemToString_Human7.c", "C", 7, 0, 3, 0, 10
"/Users/sbukhari/Sandbox/CProgram/ASTanalysis/Dataset/Control/Human7/listInitialization_Human7.c", "C", 5, 0, 0, 0, 5
"/Users/sbukhari/Sandbox/CProgram/ASTanalysis/Dataset/Control/Human7/printList_Human7.c", "C", 13, 0, 2, 0, 15
"/Users/sbukhari/Sandbox/CProgram/ASTanalysis/Dataset/Control/Human7/removeItem_Human7.c", "C", 15, 0, 2, 1, 18
"/Users/sbukhari/Sandbox/CProgram/ASTanalysis/Dataset/Control/Human7/save_Human7.c", "C", 18, 0, 2, 1, 21
"/Users/sbukhari/Sandbox/CProgram/ASTanalysis/Dataset/Control/Human7/updateItem_Human7.c", "C", 20, 0, 2, 1, 23
"/Users/sbukhari/Sandbox/CProgram/ASTanalysis/Dataset/Control/Human8/addItem_Human8.c", "C", 34, 0, 3, 7, 44
"/Users/sbukhari/Sandbox/CProgram/ASTanalysis/Dataset/Control/Human8/costSum_Human8.c", "C", 10, 0, 2, 2, 14
"/Users/sbukhari/Sandbox/CProgram/ASTanalysis/Dataset/Control/Human8/deduplicate_Human8.c", "C", 44, 0, 12, 18, 74
"/Users/sbukhari/Sandbox/CProgram/ASTanalysis/Dataset/Control/Human8/highestPrice_Human8.c", "C", 15, 0, 2, 3, 20
"/Users/sbukhari/Sandbox/CProgram/ASTanalysis/Dataset/Control/Human8/itemToString_Human8.c", "C", 12, 0, 5, 4, 21
"/Users/sbukhari/Sandbox/CProgram/ASTanalysis/Dataset/Control/Human8/listInitialization_Human8.c", "C", 5, 0, 0, 0, 5
"/Users/sbukhari/Sandbox/CProgram/ASTanalysis/Dataset/Control/Human8/load_Human8.c", "C", 30, 0, 10, 11, 51
"/Users/sbukhari/Sandbox/CProgram/ASTanalysis/Dataset/Control/Human8/printList_Human8.c", "C", 18, 0, 3, 5, 26
"/Users/sbukhari/Sandbox/CProgram/ASTanalysis/Dataset/Control/Human8/removeItem_Human8.c", "C", 24, 0, 15, 7, 46
"/Users/sbukhari/Sandbox/CProgram/ASTanalysis/Dataset/Control/Human8/save_Human8.c", "C", 20, 0, 3, 10, 33
"/Users/sbukhari/Sandbox/CProgram/ASTanalysis/Dataset/Control/Human8/swapItem_Human8.c", "C", 36, 0, 2, 8, 46
"/Users/sbukhari/Sandbox/CProgram/ASTanalysis/Dataset/Control/Human8/updateItem_Human8.c", "C", 20, 0, 6, 5, 31
"/Users/sbukhari/Sandbox/CProgram/ASTanalysis/Dataset/Control/Human9/addItem_Human9.c", "C", 23, 0, 4, 1, 28
"/Users/sbukhari/Sandbox/CProgram/ASTanalysis/Dataset/Control/Human9/costSum_Human9.c", "C", 10, 0, 3, 1, 14
"/Users/sbukhari/Sandbox/CProgram/ASTanalysis/Dataset/Control/Human9/deduplicate_Human9.c", "C", 30, 0, 3, 0, 33
"/Users/sbukhari/Sandbox/CProgram/ASTanalysis/Dataset/Control/Human9/highestPrice_Human9.c", "C", 21, 0, 4, 2, 27
"/Users/sbukhari/Sandbox/CProgram/ASTanalysis/Dataset/Control/Human9/itemToString_Human9.c", "C", 8, 0, 2, 0, 10
"/Users/sbukhari/Sandbox/CProgram/ASTanalysis/Dataset/Control/Human9/listInitialization_Human9.c", "C", 5, 0, 0, 0, 5
"/Users/sbukhari/Sandbox/CProgram/ASTanalysis/Dataset/Control/Human9/load_Human9.c", "C", 33, 0, 4, 0, 37
"/Users/sbukhari/Sandbox/CProgram/ASTanalysis/Dataset/Control/Human9/ownFunction_Human9.c", "C", 11, 0, 0, 0, 11
"/Users/sbukhari/Sandbox/CProgram/ASTanalysis/Dataset/Control/Human9/printList_Human9.c", "C", 14, 0, 2, 0, 16
"/Users/sbukhari/Sandbox/CProgram/ASTanalysis/Dataset/Control/Human9/removeItem_Human9.c", "C", 20, 0, 3, 2, 25
"/Users/sbukhari/Sandbox/CProgram/ASTanalysis/Dataset/Control/Human9/save_Human9.c", "C", 15, 0, 3, 1, 19
"/Users/sbukhari/Sandbox/CProgram/ASTanalysis/Dataset/Control/Human9/swapItem_Human9.c", "C", 36, 0, 4, 3, 43
"/Users/sbukhari/Sandbox/CProgram/ASTanalysis/Dataset/Control/Human9/updateItem_Human9.c", "C", 24, 0, 4, 2, 30
"Total", "-", 9529, 370, 782, 802, 11483